Date,Branch,Attribution,Rounds
2026-08-03,First pass,single,97
2026-08-03,Rework,single,4
2026-08-03,Rework,unknown,24
2026-08-04,First pass,single,151
2026-08-04,First pass,unknown,2
2026-08-04,Rework,single,14
2026-08-04,Rework,unknown,48
2026-08-05,First pass,single,129
2026-08-05,First pass,unknown,1
2026-08-05,Rework,single,9
2026-08-05,Rework,unknown,65
2026-08-06,First pass,single,133
2026-08-06,Rework,single,19
2026-08-06,Rework,unknown,71
2026-08-07,First pass,single,200
2026-08-07,First pass,team,1
2026-08-07,First pass,unknown,5
2026-08-07,Rework,single,39
2026-08-07,Rework,unknown,91
2026-08-08,First pass,single,204
2026-08-08,First pass,team,2
2026-08-08,First pass,unknown,3
2026-08-08,Rework,single,43
2026-08-08,Rework,unknown,102
2026-08-10,First pass,single,278
2026-08-10,First pass,team,3
2026-08-10,First pass,unknown,3
2026-08-10,Rework,single,45
2026-08-10,Rework,unknown,129
2026-08-11,First pass,single,270
2026-08-11,First pass,team,4
2026-08-11,First pass,unknown,10
2026-08-11,Rework,single,46
2026-08-11,Rework,unknown,164
2026-08-12,First pass,single,219
2026-08-12,First pass,team,2
2026-08-12,First pass,unknown,3
2026-08-12,Rework,single,33
2026-08-12,Rework,unknown,168
2026-08-13,First pass,single,277
2026-08-13,First pass,unknown,1
2026-08-13,Rework,single,65
2026-08-13,Rework,team,2
2026-08-13,Rework,unknown,174
2026-08-14,First pass,single,201
2026-08-14,First pass,team,1
2026-08-14,First pass,unknown,2
2026-08-14,Rework,single,42
2026-08-14,Rework,unknown,161
2026-08-18,First pass,single,203
2026-08-18,First pass,team,1
2026-08-18,First pass,unknown,1
2026-08-18,Rework,single,34
2026-08-18,Rework,team,1
2026-08-18,Rework,unknown,151
2026-08-19,First pass,single,229
2026-08-19,First pass,team,3
2026-08-19,First pass,unknown,4
2026-08-19,Rework,single,52
2026-08-19,Rework,unknown,177
2026-08-20,First pass,single,377
2026-08-20,First pass,team,3
2026-08-20,First pass,unknown,8
2026-08-20,Rework,single,55
2026-08-20,Rework,team,2
2026-08-20,Rework,unknown,275
2026-08-21,First pass,single,276
2026-08-21,First pass,team,2
2026-08-21,First pass,unknown,3
2026-08-21,Rework,single,63
2026-08-21,Rework,unknown,239
2026-08-22,First pass,single,245
2026-08-22,First pass,team,4
2026-08-22,First pass,unknown,5
2026-08-22,Rework,single,54
2026-08-22,Rework,unknown,180
2026-08-23,First pass,single,135
2026-08-23,First pass,team,2
2026-08-23,Rework,single,5
2026-08-23,Rework,unknown,33
2026-08-24,First pass,single,343
2026-08-24,First pass,team,3
2026-08-24,First pass,unknown,3
2026-08-24,Rework,single,57
2026-08-24,Rework,unknown,275
2026-08-25,First pass,single,385
2026-08-25,First pass,team,3
2026-08-25,First pass,unknown,6
2026-08-25,Rework,single,65
2026-08-25,Rework,team,2
2026-08-25,Rework,unknown,256
2026-08-26,First pass,single,296
2026-08-26,First pass,team,2
2026-08-26,First pass,unknown,4
2026-08-26,Rework,single,90
2026-08-26,Rework,team,1
2026-08-26,Rework,unknown,298
2026-08-27,First pass,single,288
2026-08-27,First pass,team,2
2026-08-27,First pass,unknown,17
2026-08-27,Rework,single,60
2026-08-27,Rework,team,1
2026-08-27,Rework,unknown,235
2026-08-28,First pass,single,257
2026-08-28,First pass,team,3
2026-08-28,First pass,unknown,18
2026-08-28,Rework,single,68
2026-08-28,Rework,team,2
2026-08-28,Rework,unknown,238
2026-08-29,First pass,single,282
2026-08-29,First pass,team,1
2026-08-29,First pass,unknown,13
2026-08-29,Rework,single,54
2026-08-29,Rework,unknown,221
2026-08-30,First pass,single,105
2026-08-30,First pass,unknown,2
2026-08-30,Rework,single,16
2026-08-30,Rework,unknown,53
2026-08-31,First pass,single,240
2026-08-31,First pass,unknown,7
2026-08-31,Rework,single,50
2026-08-31,Rework,team,1
2026-08-31,Rework,unknown,262
2026-09-03,First pass,single,366
2026-09-03,First pass,unknown,5
2026-09-03,Rework,single,50
2026-09-03,Rework,unknown,248
2026-09-04,First pass,single,283
2026-09-04,First pass,team,1
2026-09-04,First pass,unknown,6
2026-09-04,Rework,single,39
2026-09-04,Rework,unknown,243
2026-09-05,First pass,single,290
2026-09-05,First pass,team,2
2026-09-05,First pass,unknown,2
2026-09-05,Rework,single,44
2026-09-05,Rework,unknown,255
2026-09-07,First pass,single,353
2026-09-07,First pass,team,5
2026-09-07,First pass,unknown,5
2026-09-07,Rework,single,62
2026-09-07,Rework,unknown,290
2026-09-08,First pass,single,370
2026-09-08,First pass,team,4
2026-09-08,First pass,unknown,7
2026-09-08,Rework,single,68
2026-09-08,Rework,unknown,294
2026-09-09,First pass,single,231
2026-09-09,First pass,team,6
2026-09-09,First pass,unknown,4
2026-09-09,Rework,single,54
2026-09-09,Rework,team,1
2026-09-09,Rework,unknown,240
2026-09-10,First pass,single,375
2026-09-10,First pass,team,3
2026-09-10,First pass,unknown,14
2026-09-10,Rework,single,67
2026-09-10,Rework,unknown,306
2026-09-11,First pass,single,388
2026-09-11,First pass,unknown,10
2026-09-11,Rework,single,100
2026-09-11,Rework,team,1
2026-09-11,Rework,unknown,380
2026-09-12,First pass,single,176
2026-09-12,First pass,team,1
2026-09-12,First pass,unknown,5
2026-09-12,Rework,single,49
2026-09-12,Rework,unknown,219
2026-09-13,First pass,single,76
2026-09-13,First pass,team,4
2026-09-13,First pass,unknown,6
2026-09-13,Rework,single,13
2026-09-13,Rework,unknown,62
2026-09-14,First pass,single,266
2026-09-14,First pass,team,1
2026-09-14,First pass,unknown,11
2026-09-14,Rework,single,72
2026-09-14,Rework,team,1
2026-09-14,Rework,unknown,271
2026-09-15,First pass,single,306
2026-09-15,First pass,team,1
2026-09-15,First pass,unknown,8
2026-09-15,Rework,single,76
2026-09-15,Rework,unknown,256
2026-09-16,First pass,single,221
2026-09-16,First pass,team,2
2026-09-16,First pass,unknown,42
2026-09-16,Rework,single,38
2026-09-16,Rework,unknown,261
2026-09-18,First pass,single,211
2026-09-18,First pass,team,1
2026-09-18,First pass,unknown,179
2026-09-18,Rework,single,34
2026-09-18,Rework,unknown,333
2026-09-19,First pass,single,124
2026-09-19,First pass,unknown,232
2026-09-19,Rework,single,26
2026-09-19,Rework,unknown,307
2026-09-20,First pass,single,26
2026-09-20,First pass,unknown,92
2026-09-20,Rework,unknown,72
2026-09-21,First pass,single,50
2026-09-21,First pass,unknown,294
2026-09-21,Rework,single,10
2026-09-21,Rework,unknown,348
2026-09-22,First pass,single,4
2026-09-22,First pass,unknown,170
2026-09-22,Rework,single,1
2026-09-22,Rework,unknown,111
